id,link
0,https://www.argenprop.com/inmuebles-venta-barrio-palermo
1,https://www.argenprop.com/inmuebles-venta-barrio-palermo-pagina-2
2,https://www.argenprop.com/inmuebles-venta-barrio-palermo-pagina-3
3,https://www.argenprop.com/inmuebles-venta-barrio-palermo-pagina-4
4,https://www.argenprop.com/inmuebles-venta-barrio-palermo-pagina-5
5,https://www.argenprop.com/inmuebles-venta-barrio-palermo-pagina-6
6,https://www.argenprop.com/inmuebles-venta-barrio-palermo-pagina-7
7,https://www.argenprop.com/inmuebles-venta-barrio-palermo-pagina-8
8,https://www.argenprop.com/inmuebles-venta-barrio-palermo-pagina-9
9,https://www.argenprop.com/inmuebles-venta-barrio-palermo-pagina-10
10,https://www.argenprop.com/inmuebles-venta-barrio-palermo-pagina-11
11,https://www.argenprop.com/inmuebles-venta-barrio-palermo-pagina-12
12,https://www.argenprop.com/inmuebles-venta-barrio-palermo-pagina-13
13,https://www.argenprop.com/inmuebles-venta-barrio-palermo-pagina-14
14,https://www.argenprop.com/inmuebles-venta-barrio-palermo-pagina-15
15,https://www.argenprop.com/inmuebles-venta-barrio-palermo-pagina-16
16,https://www.argenprop.com/inmuebles-venta-barrio-palermo-pagina-17
17,https://www.argenprop.com/inmuebles-venta-barrio-palermo-pagina-18
18,https://www.argenprop.com/inmuebles-venta-barrio-palermo-pagina-19
19,https://www.argenprop.com/inmuebles-venta-barrio-palermo-pagina-20
20,https://www.argenprop.com/inmuebles-venta-barrio-palermo-pagina-21
21,https://www.argenprop.com/inmuebles-venta-barrio-palermo-pagina-22
22,https://www.argenprop.com/inmuebles-venta-barrio-palermo-pagina-23
23,https://www.argenprop.com/inmuebles-venta-barrio-palermo-pagina-24
24,https://www.argenprop.com/inmuebles-venta-barrio-palermo-pagina-25
25,https://www.argenprop.com/inmuebles-venta-barrio-palermo-pagina-26
26,https://www.argenprop.com/inmuebles-venta-barrio-palermo-pagina-27
27,https://www.argenprop.com/inmuebles-venta-barrio-palermo-pagina-28
28,https://www.argenprop.com/inmuebles-venta-barrio-palermo-pagina-29
29,https://www.argenprop.com/inmuebles-venta-barrio-palermo-pagina-30
30,https://www.argenprop.com/inmuebles-venta-barrio-palermo-pagina-31
31,https://www.argenprop.com/inmuebles-venta-barrio-palermo-pagina-32
32,https://www.argenprop.com/inmuebles-venta-barrio-palermo-pagina-33
33,https://www.argenprop.com/inmuebles-venta-barrio-palermo-pagina-34
34,https://www.argenprop.com/inmuebles-venta-barrio-palermo-pagina-35
35,https://www.argenprop.com/inmuebles-venta-barrio-palermo-pagina-36
36,https://www.argenprop.com/inmuebles-venta-barrio-palermo-pagina-37
37,https://www.argenprop.com/inmuebles-venta-barrio-palermo-pagina-38
38,https://www.argenprop.com/inmuebles-venta-barrio-palermo-pagina-39
39,https://www.argenprop.com/inmuebles-venta-barrio-palermo-pagina-40
40,https://www.argenprop.com/inmuebles-venta-barrio-palermo-pagina-41
41,https://www.argenprop.com/inmuebles-venta-barrio-palermo-pagina-42
42,https://www.argenprop.com/inmuebles-venta-barrio-palermo-pagina-43
43,https://www.argenprop.com/inmuebles-venta-barrio-palermo-pagina-44
44,https://www.argenprop.com/inmuebles-venta-barrio-palermo-pagina-45
45,https://www.argenprop.com/inmuebles-venta-barrio-palermo-pagina-46
46,https://www.argenprop.com/inmuebles-venta-barrio-palermo-pagina-47
47,https://www.argenprop.com/inmuebles-venta-barrio-palermo-pagina-48
48,https://www.argenprop.com/inmuebles-venta-barrio-palermo-pagina-49
49,https://www.argenprop.com/inmuebles-venta-barrio-palermo-pagina-50
50,https://www.argenprop.com/inmuebles-venta-barrio-palermo-pagina-51
51,https://www.argenprop.com/inmuebles-venta-barrio-palermo-pagina-52
52,https://www.argenprop.com/inmuebles-venta-barrio-palermo-pagina-53
53,https://www.argenprop.com/inmuebles-venta-barrio-palermo-pagina-54
54,https://www.argenprop.com/inmuebles-venta-barrio-palermo-pagina-55
55,https://www.argenprop.com/inmuebles-venta-barrio-palermo-pagina-56
56,https://www.argenprop.com/inmuebles-venta-barrio-palermo-pagina-57
57,https://www.argenprop.com/inmuebles-venta-barrio-palermo-pagina-58
58,https://www.argenprop.com/inmuebles-venta-barrio-palermo-pagina-59
59,https://www.argenprop.com/inmuebles-venta-barrio-palermo-pagina-60
60,https://www.argenprop.com/inmuebles-venta-barrio-palermo-pagina-61
61,https://www.argenprop.com/inmuebles-venta-barrio-palermo-pagina-62
62,https://www.argenprop.com/inmuebles-venta-barrio-palermo-pagina-63
63,https://www.argenprop.com/inmuebles-venta-barrio-palermo-pagina-64
64,https://www.argenprop.com/inmuebles-venta-barrio-palermo-pagina-65
65,https://www.argenprop.com/inmuebles-venta-barrio-palermo-pagina-66
66,https://www.argenprop.com/inmuebles-venta-barrio-palermo-pagina-67
67,https://www.argenprop.com/inmuebles-venta-barrio-palermo-pagina-68
68,https://www.argenprop.com/inmuebles-venta-barrio-palermo-pagina-69
69,https://www.argenprop.com/inmuebles-venta-barrio-palermo-pagina-70
70,https://www.argenprop.com/inmuebles-venta-barrio-palermo-pagina-71
71,https://www.argenprop.com/inmuebles-venta-barrio-palermo-pagina-72
72,https://www.argenprop.com/inmuebles-venta-barrio-palermo-pagina-73
73,https://www.argenprop.com/inmuebles-venta-barrio-palermo-pagina-74
74,https://www.argenprop.com/inmuebles-venta-barrio-palermo-pagina-75
75,https://www.argenprop.com/inmuebles-venta-barrio-palermo-pagina-76
76,https://www.argenprop.com/inmuebles-venta-barrio-palermo-pagina-77
77,https://www.argenprop.com/inmuebles-venta-barrio-palermo-pagina-78
78,https://www.argenprop.com/inmuebles-venta-barrio-palermo-pagina-79
79,https://www.argenprop.com/inmuebles-venta-barrio-palermo-pagina-80
80,https://www.argenprop.com/inmuebles-venta-barrio-palermo-pagina-81
81,https://www.argenprop.com/inmuebles-venta-barrio-palermo-pagina-82
82,https://www.argenprop.com/inmuebles-venta-barrio-palermo-pagina-83
83,https://www.argenprop.com/inmuebles-venta-barrio-palermo-pagina-84
84,https://www.argenprop.com/inmuebles-venta-barrio-palermo-pagina-85
85,https://www.argenprop.com/inmuebles-venta-barrio-palermo-pagina-86
86,https://www.argenprop.com/inmuebles-venta-barrio-palermo-pagina-87
87,https://www.argenprop.com/inmuebles-venta-barrio-palermo-pagina-88
88,https://www.argenprop.com/inmuebles-venta-barrio-palermo-pagina-89
89,https://www.argenprop.com/inmuebles-venta-barrio-palermo-pagina-90
90,https://www.argenprop.com/inmuebles-venta-barrio-palermo-pagina-91
91,https://www.argenprop.com/inmuebles-venta-barrio-palermo-pagina-92
92,https://www.argenprop.com/inmuebles-venta-barrio-palermo-pagina-93
93,https://www.argenprop.com/inmuebles-venta-barrio-palermo-pagina-94
94,https://www.argenprop.com/inmuebles-venta-barrio-palermo-pagina-95
95,https://www.argenprop.com/inmuebles-venta-barrio-palermo-pagina-96
96,https://www.argenprop.com/inmuebles-venta-barrio-palermo-pagina-97
97,https://www.argenprop.com/inmuebles-venta-barrio-palermo-pagina-98
98,https://www.argenprop.com/inmuebles-venta-barrio-palermo-pagina-99
99,https://www.argenprop.com/inmuebles-venta-barrio-palermo-pagina-100
